Unnamed: 0,id,amplitude,bias,xbias,hdd,cdd
0,1085710142804825496,9.49146177280972,32.58064036623771,0.2818807598626722,0.0,9360.480720618176
1,17604056787999355095,9.190754888753611,31.034212806098115,0.3598763788302456,0.0,8344.477813606463
2,15106219264146676479,9.592084942495374,33.069483271880415,0.2748808738167625,0.0,9681.650509625431
3,116320127615843462,9.662354996481174,32.285707676004726,0.2746672851474067,0.0,9166.709943135103
4,1057099529807662552,10.041457669730152,35.035133100716784,0.3031457168664357,0.0,10973.082447170927
5,16417649630021555170,11.211074042546771,31.495747680682168,0.0292524532415996,0.0,8647.706226208185
6,439401769879372513,10.888879911358876,31.8206744972485,0.2843270694577438,0.0,8861.183144692266
7,2401084058101629244,11.6622322352848,32.87857279215263,0.2787516100566001,0.0,9556.22232444428
8,17797946568211481285,11.415907361454977,33.4137407605319,0.3491343483045102,0.0,9907.82767966946
9,7645952761880331591,12.013963138534956,33.77150137329334,0.2862540732918193,0.0,10142.876402253723
10,1973243582468627969,11.640833567571809,33.204968988435745,0.3254381640862569,0.0,9770.664625402283
11,14650635725944616193,11.819553319463756,34.03783896656538,0.2295997475871811,0.0,10317.860201033458
12,6325057684423393040,11.496071378481094,29.478094585261484,0.2451497780802797,12.128303692762683,7334.236446209559
13,9747271531761048708,10.795432616372793,35.46644705258758,0.333097910572487,0.0,11256.455713550042
14,16205805969886840808,11.27897434774637,31.8431506461915,0.2093176276093449,0.0,8875.949974547817
15,16650475293442554389,10.831967822520545,33.86313700799973,0.2910940566468128,0.0,10203.081014255826
16,4362695141341294856,10.227388253237509,33.35372077392014,0.2728052980568733,0.0,9868.39454846553
17,8192107570627204093,10.433460590446463,34.981611483898,0.2708361485399808,0.0,10937.918744920988
18,13789606110254882234,10.737486875401908,33.87742759562378,0.3905184719574399,0.0,10212.469930324824
19,5423386939352925343,8.903722698662039,30.940296925216764,0.2549085357339136,0.0,8282.775079867413
20,1808647712745010472,10.71007768476398,33.89045992663248,0.3530473181039075,0.0,10221.03217179754
21,9783860956686324487,11.614993077096274,33.50285470528852,0.1454420237615114,0.0,9966.375541374558
22,304625609583427684,11.420304980265,33.172812049386074,0.2058434009981253,0.0,9749.537516446651
23,13244431434463287934,11.537325156313738,34.88432955566658,0.3618724090076978,0.0,10874.004518072945
24,8125977268096817614,11.659146374033403,30.63870130453818,0.1343134881173609,0.0,8084.626757081585
25,11213054053469693074,12.26839409808344,34.285215530517334,0.3229928235942539,0.0,10480.38660354989
26,15484413515226634358,10.37047796491793,32.87016145531744,0.296470093546168,0.0,9550.696076143557
27,4127904461759818903,9.89909144064116,29.88663049410364,0.2049304862027931,0.0,7590.51623462609
28,893518304694825218,13.73609627432544,32.82738303633801,0.1323999558983888,0.0,9522.590654874077
29,14248559630829878093,12.74353876195858,32.101342703843855,0.2539626755033186,0.0,9045.582156425417
30,3608191537101165247,9.270825835455712,32.59725725473443,0.3064017433040697,0.0,9371.39801636052
31,13944254766710393262,9.699723049725163,31.980944656325597,0.2547153298920345,0.0,8966.480639205914
32,1621177378338484292,10.010601948793727,32.433082440861334,0.3494159529638467,0.0,9263.535163645898
33,17037327715377977655,12.311258857059316,35.08195568057256,0.3355283448767625,0.0,11003.844882136174
34,15247484506854804467,12.565317985082531,35.47271155908693,0.3659733846391202,0.0,11260.571494320116
35,14863704229571252091,12.557075199164714,35.575993243416974,0.2836040778037507,0.0,11328.427560924953
36,10256364652109888563,11.130696405413032,34.13832446280726,0.4816188182480177,0.0,10383.879172064371
37,7666912779070328579,13.201973638845423,35.48607578317984,0.258472219705386,0.0,11269.351789549157
38,16618070546245446595,9.26512212802604,34.21677825008332,0.3892718209842374,0.0,10435.423310304745
39,12421096215856410954,10.820428597376123,32.155404247536566,0.1578271907736225,0.0,9081.100590631526
40,1529667297287061609,10.242557302023544,32.945277452836976,0.296612963340261,0.0,9600.047286513896
41,9307811299698478612,9.71756535373098,32.35499174485019,0.2451034793561952,0.0,9212.229576366575
42,5573095258833417623,10.555242469401607,31.582896846165927,0.3060530439824174,0.0,8704.963227931015
43,10296897015738660492,11.900374813637823,31.976894212716736,0.3341578045736523,0.0,8963.819497754896
44,4808974551147681387,11.11207450931412,35.20993808317365,0.2169573100492758,0.0,11087.929320645088
45,1449221520191799427,12.771774072903597,34.3223005311957,0.3575148263622318,0.0,10504.751448995576
46,1296055848080074292,11.15352643341724,34.90414586793883,0.2508968953586296,0.0,10887.023835235812
47,11918606603284126366,13.093586483136104,35.254269015181514,0.3003247892386734,0.0,11117.054742974256
48,2005739495542261337,11.50264530800631,33.814795042103256,0.3453291988107868,0.0,10171.32034266184
49,6637659036040883500,11.851398686596598,37.43190805606466,0.3188736926749705,0.0,12547.76359283448
50,6641498450797328210,10.50427048375516,33.514864321722,0.2961541677803099,0.0,9974.265859371357
51,6209414099654168222,12.151460478152876,33.787429988313235,0.3512064631003433,0.0,10153.341502321797
52,18076367570005517542,8.632192740189728,30.51228460304185,0.2787763521458147,0.0,8001.570984198497
53,11171790901441412850,12.176898576269735,33.27531890474884,0.3145170895291438,0.0,9816.884520419986
54,11695116854468031092,11.877844630636934,35.648926686925414,0.2812194548495222,0.0,11376.34483331
55,8283053909914932114,10.593360418628054,37.32883578668364,0.3618665072049928,0.0,12480.045111851152
56,10279034189011629422,10.247412350643236,34.623297765248374,0.2684024996285414,0.0,10702.50663176818
57,6399097606765268919,10.675562766018786,31.162230312485423,0.3750072446489232,0.0,8428.585315302924
58,5271277658130239436,10.687181946155556,33.78719897519107,0.2827485347550489,0.0,10153.189726700532
59,14742422730168099038,10.246547989191464,32.80603306756016,0.2605863077936308,0.0,9508.563725387025
60,1838702563181261305,11.950159558377786,34.844116359725426,0.2548821826245143,0.0,10847.584448339603
61,10022823155473406859,11.215660943168055,32.68721183048164,0.497594767728749,0.0,9430.498172626438
62,4889988045185339788,9.599067401376036,33.85571364582586,0.2226015893904127,0.0,10198.203865307589
63,2655411750281740726,9.92513030658584,33.05930921923108,0.3715294006027884,0.0,9674.966157034822
64,16871723754477612829,11.994593559264898,32.046933108176056,0.2859648947349977,0.0,9009.83505207167
65,10997657455863769677,10.199725558365122,35.820597432310464,0.3548926243994396,0.0,11489.132513027977
66,14457979328614487044,11.450505923562408,32.93572611706676,0.5072350289174198,0.0,9593.772058912858
67,10582964858343936708,10.53679743281212,34.5707742450462,0.3131368703959171,0.0,10667.998678995356
68,8468483115852303765,9.664045896131896,33.15536221625141,0.2367250827499694,0.0,9738.072976077176
69,952580755149700283,10.628834602984368,33.76945326810716,0.3059000680184382,0.0,10141.530797146406
70,13711425758224969997,11.417659185472171,33.81587987772423,0.4174088773236256,0.0,10172.033079664818
71,4415608436753545824,10.293432692681826,33.90729946243765,0.4060510601887903,0.0,10232.095746821537
72,13042055985626546365,9.89728013577477,33.503983705905945,0.2633932539596857,0.0,9967.117294780206
73,7401055303736060164,8.21446656743394,28.57532892015444,0.1701762387260295,0.0,6728.991100541465
74,8372166921470958028,8.388537776966194,31.732136027154656,0.2863188906843332,0.0,8803.01336984061
75,2000960781789710214,11.913460233680132,33.74420617498017,0.2104638809642682,0.0,10124.943456961972
76,12166435888237977642,9.993563657312851,31.925922240106388,0.2774138300882171,0.0,8930.330911749897
77,17861179586311094825,11.095644527330494,31.091582063986504,0.1114795368771569,0.0,8382.169416039134
78,5903693606042003166,12.575381810664512,36.77246625036042,0.2281893142949739,0.0,12114.5103264868
79,12546215298934913973,11.949711168949806,31.891842675339017,0.177820831367741,0.0,8907.940637697735
80,12552314279879083832,10.380014403861413,32.893877493570535,0.301074868351054,0.0,9566.277513275843
81,16282422892898138776,10.936149458712697,33.807370344564724,0.4353583986745223,0.0,10166.442316379023
82,2594623367177844400,11.024210758824614,29.714977127961333,0.3702870079775496,0.0,7477.739973070596
83,18330436041791557323,9.279060211558242,32.69515468391979,0.2749444902580849,0.0,9435.7166273353
84,11463227611332108600,11.008906765509868,34.34367848279583,0.2151027625031098,0.0,10518.79676319686
85,4344344332417595453,11.374004362773208,31.74161376394413,0.3055466573062387,0.0,8809.240242911297
86,16239520388539853624,10.805795462581242,32.17610893874106,0.3098366430852595,0.0,9094.703572752878
87,1575759937492006801,11.861983562042235,33.12420909204249,0.5167910881980387,0.0,9717.605373471915
88,3320882680592623039,12.823429115986258,36.62295015374127,0.2386071342789217,0.0,12016.278251008012
89,11485832491888202137,9.573733670245277,33.59511305229991,0.274621416285916,0.0,10026.98927536104
90,11384931630811586730,10.133862553221382,33.82060906367998,0.3931471959309298,0.0,10175.140154837747
91,2468326190561005026,10.521164769733964,29.99313883531232,0.1011336878384689,0.0,7660.492214800196
92,18144812623020579976,9.918539964936375,33.598057648985964,0.2738314072161443,0.0,10028.923875383778
93,1805951727997371586,11.950141599856083,31.158884664081175,0.2061323302098986,0.0,8426.387224301336
94,12072370624349284346,10.380296803691996,35.21648081773088,0.2507648782456442,0.0,11092.227897249186
95,413099861494343693,9.787538378399578,32.98999497424553,0.2660785900791654,0.0,9629.426698079316
96,7427683175864262383,11.827989961999002,34.034632361303544,0.3029099679112824,0.0,10315.753461376427
97,5185942606893089730,11.948291521880163,36.3810404304772,0.1743136812431073,0.0,11857.34356282352
98,13842736100419638727,11.667447015750945,34.67605006737119,0.34953555698522,0.0,10737.164894262874
99,13513758210508613783,10.163170532912114,31.41797698605856,0.2688212727674041,0.0,8596.610879840475
100,18123077668641814817,12.800598455706014,34.45505626165753,0.2954639295092857,0.0,10591.971963909
101,14720636932552932268,12.497512740254663,33.512674461416246,0.3443702760270187,0.0,9972.827121150474
102,1755701116018448305,9.452829324962456,30.316556004977684,0.1709068240151121,0.0,7872.977295270339
103,8767453103637445656,12.678796792803857,35.35444442777991,0.3291994081294646,0.0,11182.869989051402
104,6617685546766887314,8.68954835461607,30.61606043360765,0.2798371028258309,0.0,8069.751704880229
105,8445231543679797739,8.76174299532693,30.01681601842096,0.2832629877489629,0.0,7676.048124102572
106,4650022300200899016,10.4163010367215,33.27799078847568,0.3770845893700797,0.0,9818.639948028522
107,16398077902945271245,11.545206151534938,30.754688220928355,0.2310806732056872,0.0,8160.830161149928
108,12175440686852292548,10.73490893540712,33.70657220002963,0.2129425753459129,0.0,10100.21793541947
109,13009338703383986991,11.405603809602184,32.73367290541683,0.3156677655049044,0.0,9461.02309885886
110,15207610231117550460,9.945923192775512,33.00409712928651,0.3792557234448548,0.0,9638.691813941234
111,11527560480053924423,11.507953498568508,32.46880628671671,0.2373213743322552,0.0,9287.005730372884
112,7245594388727932448,11.84944614331046,31.45529846746512,0.2790583733754523,0.0,8621.131093124583
113,17799167340326424490,9.416400176105572,31.596685909814497,0.310331682919913,0.0,8714.022642748125
114,2068062545169412379,9.738102858301984,32.922677959185194,0.3076922149466506,0.0,9585.199419184672
115,12377171261665732628,12.277531285752158,32.7827283216339,0.2912524187285876,0.0,9493.252507313471
116,12894474597440467968,10.9571425722823,32.36200402102823,0.2315087696561059,0.0,9216.836641815546
117,15324338294673083539,9.248663317929145,32.76055824601308,0.2458457240642012,0.0,9478.686767630596
118,8540121033987754025,11.753182845388547,31.24803417177525,0.2183432148113313,0.0,8484.95845085634
119,7709277694531406812,9.438173605609023,31.698574132203458,0.318650463723769,0.0,8780.963204857673
120,10355343096648349033,10.090182975065003,33.599492062890484,0.2491453708386592,0.0,10029.866285319047
121,11201669986922912843,10.018044443317754,32.97588784539229,0.3899836395535233,0.0,9620.158314422735
122,15185062240441661910,10.595018046678376,34.231773694278125,0.3154577586531752,0.0,10445.275317140728
123,1916793052271410940,9.01834943593108,33.05899493764801,0.3352639085348491,0.0,9674.759674034744
124,10498545788285708337,12.00896778205442,33.64912147176939,0.3115733824832837,0.0,10062.47280695249
125,5585854608944852899,9.582007340352094,34.41206865646875,0.2935481470990509,0.0,10563.729107299969
126,1800172700607589047,10.346378655469264,29.69707970177071,0.2921996288985659,0.0,7465.981364063357
127,6387536504868672257,11.57758878820171,31.27036696003774,0.2606185940535485,0.0,8499.631092744796
128,15855492332357744366,11.643087927841645,33.07800208701112,0.2866240753770091,0.0,9687.247371166308
129,10005972455583077037,10.201792907323584,29.52016461132605,0.2748777580850473,0.0,7349.748149641215
130,6059984388179673032,9.901353299270362,34.157265367346064,0.1324778748838377,0.0,10396.323346346366
131,9102250837945861250,10.787267790418776,32.4075624313604,0.3259542854517953,0.0,9246.768517403782
132,14902411572749563928,11.198614822816626,30.001465560177284,0.3578504843396888,0.0,7665.962873036477
133,14162266972771257954,12.258380074076175,32.937069445215705,0.3442650082292706,0.0,9594.65462550672
134,17542860817902583529,12.363546775922634,33.677969081186525,0.249776183923433,0.0,10081.425686339548
135,1958829085732588724,10.000026452888273,27.40000904311113,0.3114714656867526,56.48575518220546,6013.291696506216
136,12493834344298605132,12.202757600269347,31.64150610073852,0.1629566341420205,0.0,8743.469508185206
137,12691402519714359008,11.78302185626714,33.23380539707246,0.4956525365690694,0.0,9789.610145876606
138,502998943290205391,11.87385562272873,33.80611903735383,0.3191603081602684,0.0,10165.620207541468
139,17269308457398802530,11.714995239655616,35.81593765403137,0.3193968163113093,0.0,11486.071038698614
140,6928271377909372021,13.34924135697197,32.7133670605701,0.2067888530960728,0.0,9447.682158794556
141,18308853945842082080,11.259787529168062,36.021406599647555,0.3220727327830487,0.0,11621.064135968443
142,4767783814670205981,11.5926115212901,31.2611331678692,0.1853642914600684,0.0,8493.564491290063
143,11146713421636661197,11.67583295072366,33.30102295821475,0.3373048790279027,0.0,9833.772083547094
144,3313844945653682056,10.38974804242598,34.31327494963393,0.3225757795384293,0.0,10498.82164190949
145,4609273770338961599,12.255713995431082,34.32265525906245,0.3243434581958332,0.0,10504.984505204033
146,15905089265943611289,9.646864720772417,33.095300939479166,0.3492963877645527,0.0,9698.612717237813
147,5666162253270697899,12.292617377969565,31.99366596984274,0.287397295037236,0.0,8974.83854218668
148,15398144664268447566,13.152132443250832,36.08160573878769,0.3020783512407436,0.0,11660.614970383507
149,13121325272884348803,11.198934135233614,34.60891619571093,0.2676019954673723,0.0,10693.057940582084
150,6647383215784633402,8.987273073959898,32.37652608169643,0.3375743734091517,0.0,9226.377635674557
151,2789500312312525964,10.66205421930688,35.06582916302358,0.3047380954770088,0.0,10993.249760106492
152,14105657326919103179,10.148753515864849,32.413200247047016,0.3229111211673241,0.0,9250.472562309891
153,5230774254727272205,12.781453799416647,35.18916932842476,0.3294552916885393,0.0,11074.284248775068
154,1431403840434586476,12.907856620986772,34.431717754391265,0.2781821876235636,0.0,10576.638564635065
155,12233141342906384793,10.462605136311184,34.116809606544855,0.2721587863037871,0.0,10369.74391149997
156,4051033665387898680,11.880603027837688,32.92173828543712,0.1559056136959234,0.0,9584.58205353219
157,1648248634334790361,11.992780268792616,32.01372448180462,0.2716844816748843,0.0,8988.016984545637
158,16550435181073028258,12.213331548344614,32.86771427775561,0.2973708862669211,0.0,9549.088280485435
159,12559754761384817241,8.934888990452304,28.94128360397201,0.2804105483239272,0.0,6969.423327809611
160,6641000201612892964,12.315976647537989,34.59294880246792,0.2595839733884584,0.0,10682.567363221428
161,16262465170328689374,8.890528164724005,30.920218264610345,0.2543145191401226,0.0,8269.583399848998
162,14517601582074430088,10.815936816137947,31.32003465996677,0.2869307473393738,0.0,8532.262771598169
163,1853481062305886857,12.00704966414842,35.1626102159353,0.3020006996129583,0.0,11056.834911869491
164,13320922642730763780,11.113398984051171,34.729619004880874,0.2444130581488559,0.0,10772.359686206735
165,10227981072250581043,11.048384772609287,35.024894480949406,0.3278165718942035,0.0,10966.35567398376
166,4897577678055712571,11.826522390873878,35.068467251777484,0.2366645517909343,0.0,10994.98298441781
167,3315674014167154108,11.356013499372622,32.12726026311363,0.308292416527238,0.0,9062.609992865657
168,2950834326846759718,11.322828107647856,35.3553762483279,0.2828884853713441,0.0,11183.482195151431
169,10583112759883312899,11.825392777361396,32.88681300814552,0.3397902120191414,0.0,9561.63614635161
170,17063897349976554649,12.112843371116432,36.17714007676761,0.2994901879675243,0.0,11723.381030436318
171,9915591999061753981,11.261021454118564,32.164255783576266,0.2785464300323222,0.0,9086.916049809608
172,4640111751023827274,11.04960046130105,33.93319059682542,0.3288933986600018,0.0,10249.106222114302
173,13094433948248521812,11.809545572788895,35.10295389217728,0.3786628574490824,0.0,11017.640707160475
174,15552977944460535239,11.574060110200552,34.569265467880946,0.2146554300929669,0.0,10667.007412397785
175,11689367599633735617,11.47206727270339,35.43001390094862,0.2967224179304327,0.0,11232.519132923248
176,12508516978543693855,11.184428255846102,35.03317495066372,0.283601934702299,0.0,10971.795942586064
177,6073408238837827320,12.221185181884868,35.030408292552906,0.3249465027642899,0.0,10969.97824820726
178,8587284320577526506,11.852043041563316,34.30320922021199,0.3753160897572056,0.0,10492.208457679277
179,5986583270067583776,11.812324952162218,34.95320043075016,0.2332909733707715,0.0,10919.252683002856
180,6050108062472222289,10.353973424934312,33.081831920628176,0.2513458404085055,0.0,9689.763571852713
181,4835773971497478220,10.953910386321065,33.381530942275695,0.2589718933142225,0.0,9886.665829075131
182,9177404324173369049,9.977236414542274,33.0330372795541,0.3120375417313154,0.0,9657.705492667044
183,13395621855505829873,11.548912610713083,31.109907378978424,0.3223245913565117,0.0,8394.209147988824
184,4429815734513805853,11.7234895116779,32.75838382004709,0.456083299496184,0.0,9477.258169770936
185,5018496572358173438,10.314232310775164,33.16987767539621,0.2364837483125322,0.0,9747.609632735308
186,15199924323863591819,10.02089710011467,33.64733654236323,0.3551104051998232,0.0,10061.30010833264
187,11157113463592578241,10.886154649467896,35.29570893440291,0.2914181485040276,0.0,11144.280769902713
188,5569221975452202842,11.592143164838102,34.592284677437554,0.2836076677506002,0.0,10682.131033076474
189,14900580553772854013,10.901300787161077,31.83499169645856,0.311469927189571,0.0,8870.589544573275
190,17903004478554583114,10.13954288488956,33.866563579355585,0.2611022893514378,0.0,10205.33227163662
191,14329982054900837036,11.234267939237236,35.51741229851715,0.2524265687378932,0.0,11289.93988012577
192,3061099904945366643,-11.454280146144791,34.307801221092824,-2.244009052067369,0.0,10495.225402257984
193,17873851263070276509,-11.048055388612406,33.44174105791296,-2.2571154610490605,0.0,9926.223875048812
194,4732582661561121863,-10.50812448249437,32.05914922536968,-2.349210498974295,0.0,9017.86104106788
195,3120096469092160419,-10.593171186730192,34.44558336919112,-2.320678601495433,0.0,10585.748273558564
196,5891052172205040939,-10.792980756949657,35.68485072844116,-2.3187598439198487,0.0,11399.946928585843
197,4417048777548057088,-10.06235287597186,33.88542148841472,-2.2997613456376484,0.0,10217.721917888472
198,8392752384587103285,-12.456183487828978,37.246850416700056,-2.282953742745715,0.0,12426.180723771937
199,3575121982635648267,-9.679007310789007,33.361455373075856,-2.252069883091963,0.0,9873.476180110836
200,17169533845958088352,-12.217151050049772,35.16767272798757,-2.4183255705006554,0.0,11060.160982287838
201,4424714266864001572,-10.649240276149175,34.87019838285928,-2.3696287242674186,0.0,10864.720337538549
202,12910397013849303897,-9.790530589291564,32.538182167652,-2.1739576862396026,0.0,9332.585684147369
203,198759108789231403,-9.542521188587097,32.49556754796501,-2.1971723314807003,0.0,9304.587879013012
204,5081520356383108232,-9.587530658244964,30.32141232185147,-2.3653737011730875,0.0,7876.167895456416
205,11983294163779591765,11.239448038763236,35.073235309664575,0.7345718885003863,0.0,10998.115598449624
206,3633222515442792235,-9.945985389573693,33.43777125863469,-2.2587441819845773,0.0,9923.615716922992
207,8693500353549326866,11.115057309379372,29.85816519443372,0.6992638330746167,0.0,7571.814532742952
208,8549756253932844344,-11.00392289048768,30.54436253057564,-2.4087027937898946,0.0,8022.646182588196
209,5991966943532596066,-10.15635268245858,31.486169921049356,-2.26844000290562,0.0,8641.413638129427
210,16934313590109877244,-11.97086593227541,34.53580411282555,-2.3886407351365757,0.0,10645.023302126388
211,11210614136338663588,13.081325920461476,35.563124559677824,0.713671554663521,0.0,11319.972835708331
212,16399237463946759986,-12.76386502948427,35.85206919301374,-2.211152914788527,0.0,11509.809459810029
213,1167636394014416277,-11.904136330468363,34.40490891161868,-2.4040278093280394,0.0,10559.025154933472
214,4540649703337956823,-10.808622942276838,34.370889583527024,-2.347176182880774,0.0,10536.674456377255
215,145654143003402072,-9.93810616651393,32.56032213386478,-2.175700937839351,0.0,9347.13164194916
216,5659031584401948584,-13.035846910628278,35.92948492032203,-2.3586968150155063,0.0,11560.671592651575
217,12808305126917758884,11.774290367721326,34.727732205686976,0.7479229605688954,0.0,10771.120059136343
218,16311828668967174971,11.779903866121067,31.44787489946197,0.7019962213865023,0.0,8616.253808946516
219,4134198786594083651,-11.415572007108135,35.82823251933103,-2.3350422614335997,0.0,11494.148765200487
220,13076571280614666202,-12.764770251626878,34.61412820179424,-2.3745864697498944,0.0,10696.482228578814
221,12632991223855233838,10.350866673112831,31.05710319616544,0.6378984615483556,0.0,8359.516799880694
222,1270876417262521364,-10.15209298044828,33.66745436108814,-2.314430524122597,0.0,10074.51751523491
223,6804217055861350728,-11.11812247006927,34.66965032016076,-2.333246812202323,0.0,10732.960260345615
224,613457616821505312,-11.097338406391724,34.23068404608069,-2.3129892444695503,0.0,10444.559418275014
225,7394646890785465908,-11.222722747624989,35.08585081787117,-2.3146359246760437,0.0,11006.40398734136
226,11692984673494110545,-10.173499233175445,31.23048678503903,-2.3666203754834707,0.0,8473.429817770644
227,16207910246962799641,-10.558634345293086,34.072512493347645,-2.35105988436276,0.0,10340.640708129406
228,13604526347389089888,-9.676090466854882,32.81020758337441,-2.2211088288802268,0.0,9511.306382276984
229,6538801169636562914,-10.644509700351012,32.736519335286154,-2.354744600762946,0.0,9462.893203283002
230,17589361809344895833,-10.34045179149529,29.87709850908969,-2.398503162503981,0.0,7584.2537204719265
231,5638911651839287848,9.92236200043882,31.41966413246368,0.7214384143497833,0.0,8597.719335028636
232,1723083186523955967,-11.106787663571245,31.02942137671572,-2.284486896608575,0.0,8341.329844502226
233,45623854835973559,-9.69700624810752,32.81329935917089,-2.241871400592633,0.0,9513.337678975277
234,15536478373730167099,-10.969015321652831,34.53365183676988,-2.257074142661044,0.0,10643.609256757809
235,5321497557519924756,-10.125712486436417,32.64635973999194,-2.345067321385597,0.0,9403.658349174702
236,13823482181284638058,-10.668137529771766,33.64231025681749,-2.289253602005421,0.0,10057.99783872909
237,10307987672378941949,-11.109588836732671,33.125899740912054,-2.268386498971648,0.0,9718.71612977922
238,9887347391381525672,-9.908244834765783,33.4290915387573,-2.2443016330346595,0.0,9917.913140963545
239,16304351904803723490,-10.045254452071738,35.01114063924423,-2.3218433796818703,0.0,10957.31939998346
240,6282426670377188725,11.22872895991408,34.31727522622122,0.7387097689247011,0.0,10501.449823627345
241,13303040506761268855,-11.020360654017388,33.95637466896856,-2.247156221214061,0.0,10264.338157512342
242,5115645926723328233,-11.327134496990944,30.621608120908157,-2.3442955072499823,0.0,8073.396535436657
243,1247313079549401473,-11.989827124190128,27.88089265137559,-2.3427925876785443,219.61298560925323,6492.359457563016
244,6296056367809352663,-12.167850832110748,35.543541570876535,-2.2818398339086485,0.0,11307.106812065886
245,6978089648449018480,11.230219166825,30.339484305380484,0.7001956929755623,0.0,7888.041188634978
246,15677803634408725597,-10.620289401859075,30.457909944598377,-2.2464686034776054,0.0,7965.846833601133
247,6962625276840783663,-12.338524929006253,32.803903961996966,-2.3218248316059005,0.0,9507.164903032008
248,10541655934951838391,-10.537200401812305,33.26416981774492,-2.3376558093612285,0.0,9809.559570258414
249,14762833432229277763,-11.056117426126836,29.910470603119887,-2.342829299964856,0.0,7606.179186249766
250,18206793634432706297,-10.503291251600173,34.46613557725816,-2.223564919447173,0.0,10599.251074258613
251,1106134533579831631,-10.621156508362668,33.704563052925934,-2.329132018050228,0.0,10098.89792577234
252,15053959339129254802,-10.959282671611636,31.239461768004517,-2.381332173973758,0.0,8479.326381578965
253,8341873712052182504,10.87778979407545,31.104264121508105,0.6440494800309251,0.0,8390.501527830824
254,11950436644143426765,-10.545406093893792,33.56246855448982,-2.2518634003287548,0.0,10005.541840299811
255,9380734405084248577,-11.199290463494483,35.24871780461315,-2.1951380978302546,0.0,11113.40759763084
256,14171621426152613506,-8.923331960125081,29.412121374505677,-2.3126631596674643,0.0,7278.763743050228
257,747709727665672808,11.124349472802018,33.53077976088054,0.7405771946432179,0.0,9984.722302898515
258,14565963814611387138,-11.053768825936771,33.79219778999389,-2.2426634290259844,0.0,10156.473948025989
259,3966020833623332620,-11.13435938298716,30.30753224900816,-2.353954734617864,0.0,7867.0486875983615
260,17863436020885998872,-10.396711169340644,29.511972847589306,-2.2530136662836915,0.0,7344.366160866172
261,9243550379533129503,-12.3401043532014,35.0314934784268,-2.4037548309842856,0.0,10970.69121532641
262,16153962492815771279,11.6249446095354,34.83187719926722,0.7297998624556795,0.0,10839.543319918565
263,4298534383344265514,-9.908335962373208,33.05420906664405,-2.254312793808411,0.0,9671.61535678514
264,9056618215281729824,-12.114430808340227,36.65424266402712,-2.282986559886752,0.0,12036.837430265816
265,10592222657494720487,-10.532828976406917,33.34377684111134,-2.317367477989344,0.0,9861.861384610153
266,9163400792339702257,11.380485896194893,31.72499154964377,0.6647864708805923,0.0,8798.319448115959
267,3348517910859216281,-12.05966965990223,34.63894746891521,-2.3868249074761567,0.0,10712.788487077294
268,12537205175581668436,11.136936959287212,34.13079838903054,0.7458377530388012,0.0,10378.934541593064
269,15501948286802741310,11.366532919365362,31.34278992626209,0.6889230395978458,0.0,8547.212981554192
270,11868672056908590421,-10.738858471479237,33.45000816942406,-2.2144552091019687,0.0,9931.655367311609
271,2953937191829222386,-10.363651263173654,32.31272817180162,-2.191169792757598,0.0,9184.462408873667
272,14573499914508056088,-9.369213187718916,32.76915556716547,-2.2332933303473648,0.0,9484.335207627715
273,10138270075509697777,11.055059530600078,29.590322749738228,0.6909357813840458,0.0,7395.842046578016
274,3943950588781097948,-12.624855911094055,37.52535755679772,-2.216770484459258,0.0,12609.1599148161
275,12071535298071321548,-11.63217897688386,34.00982661392841,-2.429178471746766,0.0,10299.456085350965
276,2887781167927554283,-9.913307024200217,32.76550022379458,-2.342867349935352,0.0,9481.933647033042
277,14684595897602732965,-11.917015586304489,35.03438582583843,-2.264824874484265,0.0,10972.591487575848
278,13349013437706957148,-9.92105909130126,32.16900443972105,-2.3620732133915765,0.0,9090.03591689673
279,1528897955514818789,-10.78355209992032,31.684878980439585,-2.4063300516030783,0.0,8771.965490148807
280,17360705866181366340,-10.626857312614597,30.97654446438769,-2.3054874805178622,0.0,8306.58971310271
281,13573763675134759046,-9.923575316463912,31.506121845901703,-2.232514750684552,0.0,8654.52205275742
282,11373421864952746299,-10.52590466942117,34.01912530316176,-2.3055977320636787,0.0,10305.565324177274
283,2191150402305119593,-11.299441872598573,32.9884556207256,-2.231296915571744,0.0,9628.41534281672
284,4073837930798454253,-11.819854334601596,36.13075448490102,-2.3309228429050206,0.0,11692.90569657997
285,1944379171529408507,-10.298883023897265,29.80210171888805,-2.3594083436974023,0.0,7534.980829309449
286,4094093089445564155,-10.444424092703434,29.16680322148391,-2.406907780181848,0.0,7117.589716514929
287,11982023950286413254,-10.288184248366983,33.61860725178227,-2.3357589503069565,0.0,10042.424964420954
288,15939845128614169024,-11.61496436870193,35.02944760112814,-2.265875855742119,0.0,10969.34707394119
289,7761732872435600373,10.642032050276583,33.149986103955456,0.722415378571311,0.0,9734.540870298735
290,16506683156046978735,-9.727086899466828,32.571176057985475,-2.2547952966519493,0.0,9354.262670096456
291,16841603783517530079,-11.068614214493428,35.136928523047764,-2.3027411322012417,0.0,11039.962039642382
292,3472417617471936663,-11.579053879762974,33.5309377290787,-2.17716803918254,0.0,9984.826088004707
293,3690833727472763719,-11.265445416463372,31.071604624262932,-2.212660367462397,0.0,8369.044238140748
294,16590697558671855351,11.754092674366296,33.424083292346545,0.7097493113842606,0.0,9914.62272307168
295,507876312000650686,12.921869997128098,36.04003654681556,0.7095158375615547,0.0,11633.304011257822
296,13132939004912361708,-10.362310224252344,30.78923511569469,-2.3894325151486018,0.0,8183.5274710114145
297,578316222715279151,-11.61320556592054,31.712863471628864,-2.245966494116231,0.0,8790.351300860164
298,1753456756708989915,-9.64338904858908,35.260645966653804,-2.23895096809708,0.0,11121.24440009155
299,9801704072749237359,-11.038422918986448,30.64878269478132,-2.22547560185696,0.0,8091.250230471327
300,5277834173823777643,-12.01754595880875,34.09839662834618,-2.395221329152408,0.0,10357.64658482344
301,14389967333429540807,-10.11381801512679,33.73994901254189,-2.2534400183781544,0.0,10122.146501240022
302,10351156256493512779,-10.51138630091724,31.34358289872057,-2.3863631755334147,0.0,8547.733964459412
303,7307110771054634565,11.429753922895198,30.937471147633705,0.6711020398305171,0.0,8280.918543995345
304,263065137572731344,-11.816730114586951,30.30360840969183,-2.308103277268964,0.0,7864.470725167533
305,12640141118800144083,-10.542867817258529,29.65334396858524,-2.208483881308813,0.0,7437.2469873605
306,10718837166491353183,-11.403267836433162,33.188264862605536,-2.3955123494294384,0.0,9759.690014731836
307,9762700937136899926,-10.344196702902634,31.36046923009925,-2.1865334297988124,0.0,8558.828284175206
308,1188223585256309950,-10.497602747553772,33.39077296349133,-2.27974717205177,0.0,9892.737837013805
309,16435406789783192266,-11.183919057378995,30.991532895264758,-2.0963276346992656,0.0,8316.437112188944
310,13047285761571410872,-11.237862321877495,30.376145675769116,-2.1951250586777347,0.0,7912.127708980308
311,5532412188992405847,-12.594034107442384,34.61836303686001,-2.288705034745767,0.0,10699.264515217028
312,4219355191835489176,10.288895883187346,31.80922258092518,0.7405099437133716,0.0,8853.659235667843
313,2189839989588197894,-11.627653560216451,34.31842453365311,-2.354369228957481,0.0,10502.204918610092
314,9501355491644078550,-11.748978118333245,33.190819072227654,-2.301172512920824,0.0,9761.36813045357
315,17200452921031848434,-11.220196817270564,34.0015106412301,-2.258429363228635,0.0,10293.992491288174
316,1884536351111930389,-10.217027644796335,35.633748260231364,-2.250777323092464,0.0,11366.372606972009
317,8295788623207327385,-9.344094802451751,31.34971598762808,-2.2845726217832025,0.0,8551.763403871646
318,14038012624836280775,-10.736885076122784,34.188962692243265,-2.258752228288938,0.0,10417.148488803829
319,8887395977142213689,12.14896529186431,35.26323158570443,0.7606261595049355,0.0,11122.943151807813
320,6334876780554062807,-11.407917146305108,31.286929801106837,-2.317584723894506,0.0,8510.51287932719
321,4474976956814041794,-11.236023326130503,31.04185297649949,-2.2816237602701754,0.0,8349.497405560167
322,7573226519982734970,-9.88705791199351,32.64558033619688,-2.222870260010456,0.0,9403.14628088135
323,5256626287018227065,-10.377640550216896,33.140154982233454,-2.278093603440268,0.0,9728.08182332738
324,10818816523418875173,-10.9294925851971,34.61349902403435,-2.310835956742551,0.0,10696.068858790568
325,9568760826776102555,-11.91022447946702,31.612215118200357,-2.35292772007438,0.0,8724.225332657634
326,17741019275310864112,-12.076724168273584,34.46167910228793,-2.4027425748553832,0.0,10596.323170203172
327,11158859110947889899,-9.987893359827655,32.54635345912661,-2.2409628557179864,0.0,9337.954222646182
328,7880337618675159564,-10.890562152648522,30.17380279986172,-2.2063126039023024,0.0,7779.188439509152
329,17798081521761691815,-8.94333713961788,32.49632071993275,-2.110411953944048,0.0,9305.082712995816
330,8772969833703711894,-10.247626813378696,32.51717459800305,-2.2287835666144007,0.0,9318.783710888005
331,16996818719922733974,-11.297606010218123,33.216495400117495,-2.232507893616249,0.0,9778.237477877195
332,11420662364437517892,-11.317592144972371,32.94311065189871,-2.3267145108501777,0.0,9598.623698297451
333,15409535244406684382,-12.301807398083012,32.24543887963658,-2.414524382456835,0.0,9140.253343921237
334,8466088707199922453,-11.628905027996613,34.28856499999303,-2.3625342634615865,0.0,10482.58720499542
335,152643671975484283,-10.301812893397258,29.69841406310505,-2.116820798400417,0.0,7466.858039460019
336,12608747082151360059,-9.676076556688567,30.782296290928773,-2.3266646330980225,0.0,8178.968663140205
337,569529844167450449,11.945620208281053,30.80121984321595,0.7195871792258339,0.0,8191.40143699288
338,14143201835208749039,-9.42575760543259,32.91401971759721,-2.201728879170424,0.0,9579.51095446137
339,3950145475142300487,-11.170216399945094,29.036069549159755,-2.260925743623594,18.896174263008348,7050.593868060969
340,17520641394749175654,-11.545750264832352,30.609510897302545,-2.351167147870501,0.0,8065.448659527772
341,715919098073949883,-11.915250159109531,31.763802175442255,-2.412272722569915,0.0,8823.818029265565
342,3304009603525482078,-11.238737549918689,35.68026606156316,-2.358354575915314,0.0,11396.934802446996
343,10617630997303069261,-11.439423831922346,32.19897158142983,-2.086027531334829,0.0,9109.7243289994
344,4412551172132836727,-10.285406982359603,30.972272224265108,-2.368910219973734,0.0,8303.782851342177
345,8118326767313307561,-12.171258380031311,33.705151239750705,-2.218699871651549,0.0,10099.284364516214
346,6678864991937669619,-12.169090330879362,33.49141415685121,-2.2193151528551085,0.0,9958.859101051245
347,60457531786247342,-12.093510087978649,34.300974829220664,-2.4221975637809776,0.0,10490.740462797976
348,4603242153836748391,-10.914349898396416,34.724895203898924,-2.300806146803956,0.0,10769.256148961596
349,57008539739010647,-10.582637324284155,31.083735482266032,-2.139597040188262,0.0,8377.014211848784
350,3268346667528741189,9.532142402827333,29.735302367561168,0.713350067396736,0.0,7491.093655487688
351,6772186136486098948,-10.014092743648368,32.12656696894528,-2.284195861235571,0.0,9062.15449859705
352,14704238677289568345,-9.132110111250965,32.50199284421371,-2.1185392280217745,0.0,9308.809298648408
353,6662770759261845108,-11.179330913777418,31.10359332259687,-2.3842252877019594,0.0,8390.060812946143
354,6140234466475187734,-10.893161382358327,29.47635900466065,-2.236545339623651,0.0,7320.96786606205
355,2800979524842360449,-10.156045443485906,33.161631398261406,-2.273245568928859,0.0,9742.191828657746
356,10875236057643136295,-10.351329554772583,30.98477800167521,-2.335148738117842,0.0,8311.999147100612
357,1497021973385224168,-10.59042029984446,27.4786846805306,-2.433961725107646,105.9793356298328,6114.475170738437
358,3944664531801073710,-9.914643384104002,28.96289227691367,-2.249210216665084,0.0,6983.620225932283
359,3809833524423285062,-10.211368789381842,33.54956554979293,-2.2584328547918813,0.0,9997.064566213958
360,17013041671755265777,-10.074629658249291,32.48831397220932,-2.2443246628293223,0.0,9299.822279741524
361,2384582941779060349,-11.227943227983111,34.510745327273604,-2.3428255401846267,0.0,10628.55968001876
362,2455292046341679761,-10.656072824561358,32.28106153962728,-2.2826808687340145,0.0,9163.657431535124
363,3660682484401036936,10.162066319000385,32.531906893926795,0.7541432194226356,0.0,9328.462829309903
364,8585424291762034183,10.026851035206588,32.77344336154168,0.7578279675797186,0.0,9487.152288532883
365,3824251073730738734,10.640588882320316,35.10883778945567,0.7109367087651405,0.0,11021.506427672375
366,14577986441544750852,-11.00750576917037,32.7436975702413,-2.2387014767525524,0.0,9467.609303648536
367,13855416086635743185,-10.64238026735427,32.02760069123966,-2.273733420322092,0.0,8997.13365414446
368,2405904213223413603,-13.370591797275749,36.41594512661166,-2.221698242618172,0.0,11880.27594818386
369,2135106302722664418,-11.550552182043887,32.03706798596738,-2.159189142331743,0.0,9003.353666780571
370,13857007568222176986,-10.244989959422654,33.49524398893239,-2.258892372967225,0.0,9961.375300728578
371,17030341256076021129,-9.573834872921122,31.037634322702463,-2.2257173321136867,0.0,8346.72575001552
372,1488569437198379346,-9.57361553209358,30.79277321800073,-2.3534890837551665,0.0,8185.852004226479
373,6682241887394511336,-9.173470289225964,28.909095121505143,-2.3780573292778064,0.0,6948.275494828882
374,2883281422751511103,11.77598160773426,29.264857642051368,0.6780391598963867,44.74903415255122,7226.760504980301
375,4305231837624041120,-10.713318026868022,33.27857143692332,-2.3657031131255724,0.0,9819.021434058624
376,13991443382627135418,-10.513361017671096,30.948277566719717,-2.1727271891979,0.0,8288.018361334853
377,14883055132303604473,-9.787950190346317,31.344769088907377,-2.24334433764653,0.0,8548.513291412148
378,14319346461955660651,-10.272986145930188,32.23269525427612,-2.322561599247545,0.0,9131.88078205941
379,6874091385117879785,-10.75489555049456,31.565130671713497,-2.040670387766429,0.0,8693.290851315767
